<?xml version="1.0" encoding="UTF-8"?>
<project-private xmlns="http://www.netbeans.org/ns/project-private/1">
    <editor-bookmarks xmlns="http://www.netbeans.org/ns/editor-bookmarks/2" lastBookmarkId="0"/>
    <open-files xmlns="http://www.netbeans.org/ns/projectui-open-files/2">
        <group>
            <file>file:/C:/Users/Usuario/Documents/NetBeansProjects/WebTallerUTP5.0/web/Ad_Tecnico.jsp</file>
            <file>file:/C:/Users/Usuario/Documents/NetBeansProjects/WebTallerUTP5.0/src/java/Controlador/controlador.java</file>
            <file>file:/C:/Users/Usuario/Documents/NetBeansProjects/WebTallerUTP5.0/src/java/Interfaces/CRUD_Tecnico.java</file>
            <file>file:/C:/Users/Usuario/Documents/NetBeansProjects/WebTallerUTP5.0/src/java/Modelo/TecnicoDAO.java</file>
            <file>file:/C:/Users/Usuario/Documents/NetBeansProjects/WebTallerUTP5.0/src/java/Entidad/horario.java</file>
            <file>file:/C:/Users/Usuario/Documents/NetBeansProjects/WebTallerUTP5.0/src/java/Controlador/validar.java</file>
            <file>file:/C:/Users/Usuario/Documents/NetBeansProjects/WebTallerUTP5.0/src/java/Modelo/ClienteDAO.java</file>
            <file>file:/C:/Users/Usuario/Documents/NetBeansProjects/WebTallerUTP5.0/src/java/Entidad/Tecnico.java</file>
            <file>file:/C:/Users/Usuario/Documents/NetBeansProjects/WebTallerUTP5.0/web/Hj_RegistroUsuario.jsp</file>
        </group>
    </open-files>
</project-private>
